Feature,Importance
hsa-mir-193a,0.31335464
hsa-mir-744,0.30977222
hsa-mir-194-2,0.3080218
hsa-mir-145,0.30524176
hsa-mir-24-1,0.30338493
hsa-mir-10b,0.2987513
hsa-mir-363,0.29829207
hsa-mir-4661,0.29798198
hsa-mir-3653,0.29607594
hsa-mir-365a,0.2959512
